policyholder_id,full_name,age,gender,city,signup_date
1,Evelyn Brown,29,Female,Detroit,2022-12-18
2,Mark Rodriguez,51,Female,Houston,2020-09-07
3,Abigail Rodriguez,41,Male,Denver,2024-11-21
4,Thomas Brown,36,Male,Detroit,2022-02-21
5,Joseph Anderson,67,Male,Memphis,2019-09-24
6,Daniel Martin,58,Female,Indianapolis,2019-12-05
7,Elizabeth Miller,44,Female,Denver,2023-04-03
8,William Jackson,58,Male,Memphis,2021-09-16
9,William Thomas,36,Male,Denver,2023-05-09
10,Harper Jackson,63,Male,Chicago,2021-12-19
11,Sophia Johnson,67,Female,Fort Worth,2023-05-06
12,Robert Taylor,70,Male,Houston,2018-07-04
13,Mark Hernandez,59,Female,Jacksonville,2024-07-27
14,Sarah Lopez,74,Male,Seattle,2021-02-10
15,Matthew Miller,26,Male,Boston,2023-03-08
16,Sarah Garcia,59,Male,Dallas,2023-06-16
17,Isabella Garcia,35,Male,Boston,2022-11-29
18,Sophia Taylor,70,Female,Detroit,2021-03-24
19,Emily Jackson,56,Male,Seattle,2018-04-06
20,Emily Rodriguez,31,Male,Columbus,2018-11-27
21,Charles Jackson,31,Female,San Jose,2022-03-23
22,Harper Johnson,59,Female,Seattle,2018-03-22
23,Charlotte Taylor,68,Female,San Diego,2022-01-16
24,Charles Thomas,60,Male,Chicago,2018-04-06
25,Elizabeth Rodriguez,38,Male,San Diego,2024-01-12
26,Matthew Anderson,53,Female,Dallas,2018-08-02
27,Sarah Moore,25,Female,San Diego,2023-12-03
28,William Jones,40,Male,Dallas,2021-09-10
29,Emma Miller,60,Male,Denver,2021-07-29
30,Amelia Jackson,68,Female,Columbus,2018-05-26
31,Donald Jones,58,Male,Dallas,2023-03-06
32,Sofia Jones,38,Female,Indianapolis,2021-01-03
33,Sarah Brown,74,Female,Jacksonville,2024-05-01
34,Thomas Hernandez,52,Female,Indianapolis,2019-06-15
35,Anthony Hernandez,40,Female,Detroit,2024-12-11
36,Avery Davis,54,Male,Fort Worth,2023-01-26
37,Michael Martinez,70,Male,Boston,2024-06-21
38,Evelyn Jackson,69,Female,Dallas,2021-06-05
39,William Johnson,55,Female,San Jose,2021-06-30
40,Mia Davis,61,Female,Phoenix,2019-02-18
41,Emily Anderson,46,Male,Fort Worth,2019-02-07
42,Thomas Rodriguez,64,Female,Chicago,2018-09-30
43,Sarah Taylor,47,Female,Detroit,2019-05-08
44,Michael Gonzalez,34,Female,San Diego,2018-12-12
45,Donald Gonzalez,38,Female,Charlotte,2023-04-16
46,Abigail Brown,37,Male,Nashville,2020-05-16
47,Sofia Jones,34,Female,Phoenix,2018-02-24
48,Thomas Smith,60,Female,San Jose,2024-09-20
49,Donald Smith,26,Male,Houston,2018-01-09
50,Joseph Williams,28,Female,Dallas,2020-07-15
51,Richard Martinez,26,Male,Phoenix,2019-08-25
52,Mia Gonzalez,39,Male,Nashville,2022-04-27
53,William Taylor,61,Female,Detroit,2020-07-13
54,Daniel Moore,46,Male,Chicago,2019-02-16
55,Robert Rodriguez,56,Male,Jacksonville,2022-11-14
56,Emily Gonzalez,40,Female,Austin,2021-06-30
57,Mark Anderson,42,Male,Fort Worth,2021-03-18
58,Daniel Martin,26,Male,San Diego,2018-01-31
59,Anthony Anderson,64,Female,Houston,2022-11-27
60,Robert Martin,62,Male,Philadelphia,2019-10-21
61,William Jackson,28,Male,Boston,2024-02-21
62,Joseph Jones,45,Female,Boston,2023-04-05
63,Evelyn Anderson,35,Female,Denver,2020-08-31
64,Isabella Moore,32,Female,Phoenix,2022-10-04
65,David Smith,53,Female,Indianapolis,2022-02-06
66,James Jones,68,Male,Jacksonville,2024-09-02
67,Mark Smith,48,Female,San Jose,2024-01-10
68,Donald Davis,47,Male,Seattle,2022-11-02
69,Emily Martin,51,Female,Philadelphia,2021-05-06
70,James Brown,42,Female,Charlotte,2018-06-28
71,Daniel Rodriguez,40,Female,Boston,2022-11-24
72,Amelia Jones,65,Female,Chicago,2023-04-18
73,Harper Jones,31,Female,Philadelphia,2019-04-25
74,Charles Thomas,39,Female,Nashville,2023-04-18
75,Sophia Moore,65,Female,Indianapolis,2023-04-22
76,Abigail Jones,44,Female,Phoenix,2022-08-01
77,Thomas Thomas,35,Male,Fort Worth,2023-03-18
78,James Lopez,36,Female,Indianapolis,2024-09-15
79,Robert Johnson,54,Male,Fort Worth,2022-10-09
80,David Garcia,34,Female,Fort Worth,2021-07-18
81,Mark Jackson,36,Male,Indianapolis,2024-03-29
82,Charles Wilson,51,Female,Jacksonville,2024-07-27
83,Richard Williams,28,Female,Indianapolis,2024-09-01
84,David Anderson,69,Male,San Jose,2020-03-16
85,Amelia Hernandez,33,Female,Memphis,2024-12-23
86,Thomas Hernandez,31,Male,Dallas,2019-11-17
87,Isabella Lopez,64,Female,Charlotte,2022-05-19
88,James Martin,40,Male,Detroit,2023-12-18
89,Evelyn Martin,51,Female,Houston,2023-11-23
90,Thomas Garcia,43,Female,Seattle,2024-09-02
91,Thomas Johnson,69,Female,Charlotte,2020-02-29
92,James Davis,51,Female,Philadelphia,2023-03-26
93,Olivia Johnson,36,Female,Nashville,2022-10-08
94,Mia Rodriguez,42,Male,Chicago,2021-08-30
95,Sarah Anderson,71,Female,Jacksonville,2024-02-14
96,Sophia Anderson,60,Female,Philadelphia,2020-02-09
97,Sarah Johnson,29,Male,Nashville,2019-12-18
98,James Gonzalez,26,Male,Denver,2022-04-23
99,Anthony Lopez,25,Male,Nashville,2018-04-01
100,William Johnson,50,Female,San Antonio,2019-06-29
101,Emma Hernandez,69,Female,Houston,2020-05-31
102,Elizabeth Lopez,39,Female,San Diego,2020-08-13
103,Sarah Moore,57,Male,Fort Worth,2018-05-26
104,Isabella Williams,48,Male,Boston,2018-02-20
105,David Garcia,62,Female,Austin,2024-01-08
106,John Rodriguez,31,Male,San Diego,2024-08-29
107,Mark Miller,57,Female,San Jose,2022-01-09
108,Donald Brown,29,Male,Philadelphia,2021-10-24
109,Sarah Martin,38,Male,Detroit,2018-01-26
110,Richard Johnson,32,Male,Charlotte,2018-01-13
111,Avery Thomas,59,Female,Houston,2020-04-27
112,Evelyn Martinez,25,Male,Austin,2018-01-06
113,Charlotte Smith,63,Female,Indianapolis,2021-04-24
114,Michael Brown,57,Male,Chicago,2018-07-13
115,Abigail Anderson,35,Female,Detroit,2018-06-27
116,Charles Moore,51,Male,Charlotte,2020-10-30
117,Matthew Lopez,69,Male,Charlotte,2019-01-16
118,John Brown,26,Male,Detroit,2024-02-13
119,Sophia Brown,27,Male,Austin,2021-07-29
120,Elizabeth Johnson,56,Female,Seattle,2023-04-06
121,Harper Rodriguez,70,Male,San Antonio,2022-07-19
122,John Martin,61,Male,Denver,2021-08-31
123,Thomas Jones,53,Female,Austin,2021-03-21
124,Daniel Anderson,45,Male,Fort Worth,2021-03-04
125,David Garcia,30,Female,Phoenix,2023-12-08
126,Anthony Miller,42,Male,San Diego,2021-12-02
127,Anthony Brown,31,Male,Indianapolis,2019-09-18
128,Mark Jackson,56,Female,Seattle,2021-07-28
129,Elizabeth Thomas,68,Female,San Diego,2022-03-27
130,Emily Johnson,36,Female,San Jose,2024-11-19
131,Mia Thomas,50,Female,Seattle,2019-01-20
132,James Jones,25,Male,Austin,2021-03-29
133,James Miller,58,Male,Indianapolis,2023-07-21
134,David Thomas,55,Male,Indianapolis,2020-01-19
135,Emma Jones,36,Male,Chicago,2021-11-07
136,Donald Miller,44,Female,Austin,2024-03-04
137,Mark Martin,60,Male,Charlotte,2024-04-25
138,James Taylor,52,Male,Indianapolis,2024-03-12
139,Sophia Gonzalez,63,Male,San Antonio,2018-06-01
140,Harper Brown,66,Male,San Diego,2021-04-17
141,Harper Miller,39,Male,Denver,2022-01-10
142,Sophia Williams,52,Male,Philadelphia,2019-08-01
143,Thomas Moore,52,Female,Memphis,2018-08-04
144,Joseph Hernandez,55,Male,Boston,2022-05-13
145,Emma Davis,69,Female,Detroit,2020-05-01
146,Matthew Gonzalez,38,Male,Chicago,2023-08-05
147,Emily Brown,44,Female,Dallas,2024-03-20
148,Matthew Rodriguez,26,Female,Seattle,2024-11-05
149,Emily Gonzalez,31,Female,Denver,2019-06-25
150,Olivia Hernandez,47,Male,Denver,2022-02-01
151,Michael Davis,39,Female,Memphis,2023-02-18
152,David Lopez,49,Male,Austin,2019-04-23
153,Sophia Taylor,69,Male,Detroit,2018-12-14
154,Richard Garcia,37,Male,Nashville,2024-03-28
155,Mia Wilson,56,Female,Chicago,2020-06-21
156,Mia Martinez,48,Male,Boston,2021-10-16
157,Daniel Johnson,42,Male,San Jose,2018-08-02
158,Matthew Brown,32,Male,Boston,2024-06-25
159,Charlotte Smith,53,Female,Houston,2024-09-30
160,Sarah Davis,35,Male,Denver,2024-02-04
161,Abigail Davis,26,Male,San Antonio,2023-11-19
162,Isabella Brown,74,Male,Chicago,2020-06-30
163,Evelyn Jones,34,Female,Dallas,2022-07-11
164,Elizabeth Smith,26,Female,Memphis,2020-09-22
165,William Moore,43,Male,Boston,2024-08-07
166,Sophia Lopez,40,Female,Phoenix,2022-10-05
167,Sarah Thomas,29,Female,Detroit,2018-10-07
168,Charles Jackson,25,Male,Philadelphia,2021-08-31
169,Harper Williams,62,Male,San Antonio,2022-04-10
170,Michael Wilson,44,Female,Dallas,2022-10-29
171,Charlotte Jones,40,Female,Boston,2021-03-08
172,Emily Davis,39,Male,Detroit,2021-02-25
173,Robert Jones,43,Male,Memphis,2018-05-31
174,Anthony Wilson,29,Female,Columbus,2018-05-02
175,Avery Jones,30,Female,Denver,2019-02-14
176,Sarah Jones,36,Female,Austin,2021-12-09
177,Olivia Jackson,72,Female,Jacksonville,2020-11-19
178,Amelia Martin,73,Female,Austin,2019-01-19
179,Harper Martinez,53,Female,Charlotte,2021-02-24
180,Sofia Rodriguez,38,Male,Phoenix,2022-02-28
181,John Martin,35,Male,Memphis,2023-09-28
182,James Lopez,67,Male,Nashville,2022-05-11
183,Richard Garcia,30,Female,Dallas,2021-08-24
184,Donald Jones,63,Male,Jacksonville,2023-03-19
185,Joseph Davis,66,Male,Boston,2020-11-26
186,James Lopez,32,Male,San Jose,2020-12-17
187,Evelyn Gonzalez,49,Male,Nashville,2023-07-12
188,Anthony Moore,46,Female,Fort Worth,2023-08-01
189,Charles Thomas,55,Male,Fort Worth,2023-01-28
190,Daniel Garcia,65,Female,Dallas,2023-08-25
191,Charlotte Wilson,61,Male,San Jose,2022-05-14
192,Anthony Hernandez,56,Female,Columbus,2019-07-30
193,Sofia Lopez,25,Female,Columbus,2023-03-12
194,Robert Lopez,35,Male,San Antonio,2018-02-02
195,Mia Brown,42,Male,Charlotte,2022-12-13
196,Harper Anderson,37,Male,Philadelphia,2022-02-03
197,David Anderson,30,Male,San Antonio,2020-01-27
198,Robert Jones,58,Male,Philadelphia,2019-05-31
199,Donald Martin,49,Male,Fort Worth,2021-09-02
200,Sophia Williams,57,Male,Phoenix,2020-03-18
201,Amelia Hernandez,56,Female,Houston,2019-04-17
202,Evelyn Taylor,55,Female,Houston,2024-09-07
203,Sofia Brown,69,Female,Indianapolis,2019-01-03
204,Avery Brown,48,Female,Philadelphia,2024-11-19
205,Isabella Lopez,53,Male,Denver,2022-09-23
206,Joseph Wilson,65,Male,San Antonio,2022-02-02
207,Daniel Moore,30,Male,Phoenix,2018-09-13
208,Robert Martin,59,Female,Phoenix,2024-11-17
209,Charlotte Taylor,66,Female,Detroit,2020-08-01
210,John Lopez,42,Female,Chicago,2022-10-11
211,Sofia Lopez,40,Male,Chicago,2018-02-19
212,Charles Anderson,63,Female,Fort Worth,2020-05-08
213,Mark Jones,73,Male,Jacksonville,2023-10-26
214,Joseph Smith,44,Female,Seattle,2021-06-24
215,James Lopez,28,Female,Chicago,2020-10-16
216,Harper Anderson,62,Female,Columbus,2021-06-15
217,David Davis,25,Male,Austin,2024-03-16
218,Avery Brown,44,Male,Detroit,2021-05-10
219,Donald Miller,45,Male,Memphis,2019-05-06
220,Matthew Garcia,44,Male,Dallas,2020-10-02
221,Elizabeth Gonzalez,29,Male,Detroit,2019-04-10
222,William Jones,61,Male,Columbus,2020-03-07
223,Evelyn Anderson,47,Female,Detroit,2021-09-19
224,Olivia Taylor,34,Female,Jacksonville,2021-12-09
225,Mia Wilson,69,Female,San Jose,2022-08-30
226,Olivia Thomas,65,Male,Indianapolis,2018-01-03
227,William Hernandez,51,Male,Chicago,2020-08-03
228,Avery Gonzalez,38,Male,Indianapolis,2022-05-31
229,Joseph Miller,63,Female,Philadelphia,2018-04-01
230,Mark Jackson,51,Male,Columbus,2021-10-17
231,Charles Williams,47,Male,Indianapolis,2018-10-12
232,Avery Gonzalez,51,Female,Dallas,2022-12-09
233,Mark Smith,48,Male,Charlotte,2020-01-20
234,Harper Lopez,27,Female,Chicago,2019-11-07
235,Sophia Williams,47,Male,Indianapolis,2019-01-24
236,Anthony Johnson,56,Female,San Diego,2024-12-22
237,Sarah Martin,71,Male,San Antonio,2024-09-05
238,Olivia Jackson,71,Female,Houston,2022-08-16
239,Donald Jackson,61,Male,Memphis,2019-09-29
240,Charlotte Jackson,33,Female,Jacksonville,2024-10-18
241,Joseph Smith,60,Male,Detroit,2018-01-29
242,Robert Williams,43,Male,San Antonio,2021-12-18
243,James Hernandez,52,Female,San Antonio,2022-06-11
244,Evelyn Garcia,74,Female,Jacksonville,2019-05-04
245,Sophia Taylor,50,Female,San Diego,2023-09-12
246,Joseph Martin,53,Female,Phoenix,2023-10-27
247,John Miller,46,Female,Phoenix,2023-12-27
248,Sarah Miller,38,Female,Philadelphia,2019-05-29
249,James Brown,45,Female,San Jose,2023-06-04
250,Mark Brown,54,Female,Phoenix,2022-03-27
251,Charlotte Miller,41,Male,Austin,2024-12-23
252,Charles Moore,42,Female,Jacksonville,2024-06-20
253,Richard Garcia,34,Male,Austin,2023-03-16
254,Matthew Davis,53,Female,Seattle,2021-10-06
255,Emma Anderson,44,Female,San Jose,2019-08-02
256,Amelia Wilson,61,Female,Denver,2020-02-19
257,Sophia Johnson,70,Female,Philadelphia,2020-07-22
258,Sofia Johnson,42,Female,Philadelphia,2019-04-18
259,Daniel Davis,34,Female,Phoenix,2019-05-25
260,Robert Rodriguez,57,Female,Houston,2023-02-07
261,Evelyn Williams,70,Female,Charlotte,2019-08-09
262,Emma Jones,70,Male,Columbus,2024-10-04
263,Harper Gonzalez,69,Female,San Diego,2019-09-06
264,Daniel Martin,63,Male,Austin,2019-02-16
265,Matthew Jones,67,Female,Austin,2019-02-27
266,John Williams,41,Male,Fort Worth,2020-01-10
267,Sofia Davis,32,Male,Dallas,2024-05-06
268,James Hernandez,54,Female,Indianapolis,2021-08-06
269,Harper Williams,56,Female,Charlotte,2020-10-15
270,Richard Miller,66,Female,Columbus,2023-08-21
271,Amelia Davis,42,Male,San Antonio,2020-09-06
272,Anthony Martinez,56,Male,Fort Worth,2024-08-22
273,Thomas Smith,62,Male,Columbus,2024-12-29
274,Richard Rodriguez,62,Male,Nashville,2019-04-08
275,Mark Taylor,41,Male,Austin,2019-12-16
276,Sophia Miller,62,Male,San Antonio,2022-10-15
277,Donald Thomas,66,Male,Phoenix,2021-05-03
278,Matthew Rodriguez,68,Male,Phoenix,2024-04-06
279,Sarah Taylor,39,Male,Charlotte,2018-04-20
280,Abigail Martinez,46,Female,Seattle,2023-03-26
281,Avery Taylor,32,Female,Jacksonville,2024-08-11
282,Charlotte Lopez,32,Female,Boston,2022-10-08
283,Abigail Jones,59,Female,Memphis,2023-12-09
284,Amelia Wilson,44,Female,Seattle,2019-05-01
285,Joseph Anderson,42,Male,Boston,2022-11-25
286,David Martin,43,Male,Austin,2021-06-04
287,Donald Jones,32,Male,Charlotte,2024-03-03
288,Mark Lopez,25,Male,Boston,2023-05-19
289,Amelia Wilson,33,Male,Charlotte,2019-05-11
290,James Moore,49,Male,Nashville,2021-09-27
291,Olivia Jones,54,Male,Fort Worth,2020-05-30
292,Robert Martinez,34,Female,Dallas,2024-02-20
293,Harper Anderson,48,Female,Nashville,2023-06-03
294,Isabella Rodriguez,39,Male,Denver,2024-07-18
295,Sofia Rodriguez,68,Female,Memphis,2022-06-16
296,Anthony Gonzalez,71,Male,Dallas,2021-08-22
297,Charlotte Davis,43,Male,Austin,2023-06-10
298,Evelyn Rodriguez,57,Female,Seattle,2018-10-16
299,Daniel Jones,63,Female,Seattle,2021-01-18
300,Mark Jackson,71,Female,Dallas,2023-12-21
301,Sarah Gonzalez,39,Female,San Diego,2024-06-28
302,Avery Smith,66,Female,Indianapolis,2023-01-02
303,Evelyn Gonzalez,54,Male,Charlotte,2020-12-16
304,James Wilson,41,Male,Charlotte,2018-01-29
305,Joseph Gonzalez,73,Female,Philadelphia,2020-01-11
306,Evelyn Thomas,43,Female,Fort Worth,2019-05-11
307,Anthony Johnson,29,Male,Chicago,2018-04-02
308,Thomas Martin,31,Female,San Antonio,2019-06-18
309,Evelyn Jones,46,Female,Austin,2023-02-19
310,Sophia Smith,28,Female,Dallas,2022-07-08
311,Sophia Brown,41,Male,Philadelphia,2024-03-22
312,Thomas Miller,67,Male,Detroit,2021-03-08
313,Sofia Taylor,67,Female,San Jose,2022-03-20
314,Donald Gonzalez,74,Female,Boston,2023-08-11
315,David Hernandez,74,Female,Nashville,2019-04-17
316,Charlotte Moore,34,Female,San Antonio,2024-08-22
317,John Moore,53,Female,Boston,2023-03-08
318,Robert Moore,33,Male,Philadelphia,2019-07-21
319,Michael Anderson,51,Female,San Diego,2020-06-08
320,Thomas Martin,74,Female,San Antonio,2019-03-11
321,Isabella Rodriguez,65,Male,Fort Worth,2020-08-22
322,Avery Moore,46,Male,San Diego,2022-04-11
323,Evelyn Williams,67,Male,Phoenix,2019-12-16
324,Sophia Lopez,61,Female,Jacksonville,2023-06-01
325,John Taylor,71,Male,Memphis,2021-02-07
326,Charles Jackson,35,Female,Memphis,2024-03-17
327,Richard Martin,58,Male,San Antonio,2019-01-12
328,Mark Jackson,42,Female,Houston,2019-11-18
329,Daniel Thomas,28,Male,Jacksonville,2022-02-27
330,Sofia Martin,60,Male,Indianapolis,2020-11-01
331,William Wilson,62,Male,Denver,2020-10-15
332,Donald Gonzalez,45,Male,Detroit,2021-12-07
333,Sophia Miller,55,Female,Nashville,2020-02-24
334,Anthony Brown,68,Male,Columbus,2022-10-16
335,Abigail Gonzalez,65,Male,Columbus,2022-12-31
336,Avery Johnson,71,Female,San Jose,2021-10-09
337,Michael Brown,65,Male,Memphis,2023-12-30
338,Donald Taylor,49,Male,Charlotte,2023-02-19
339,Elizabeth Anderson,48,Female,Houston,2024-11-05
340,Avery Rodriguez,30,Female,Seattle,2022-04-16
341,Isabella Moore,36,Female,Detroit,2020-06-18
342,William Rodriguez,32,Female,San Jose,2023-04-09
343,Daniel Anderson,69,Female,Fort Worth,2021-08-13
344,Olivia Smith,49,Female,Austin,2024-06-07
345,Charlotte Smith,27,Male,San Antonio,2018-10-13
346,John Wilson,38,Male,Charlotte,2019-10-02
347,Avery Moore,62,Male,Houston,2021-11-15
348,John Miller,64,Female,Denver,2024-06-02
349,Mark Hernandez,68,Male,Denver,2020-09-02
350,Mia Martinez,52,Male,Chicago,2024-12-25
351,Daniel Taylor,65,Female,Jacksonville,2024-02-16
352,Richard Miller,29,Female,Denver,2023-08-13
353,David Hernandez,62,Female,San Diego,2018-12-18
354,Avery Anderson,70,Female,Jacksonville,2019-01-11
355,Mia Wilson,67,Female,San Diego,2018-09-14
356,Sofia Hernandez,43,Male,Phoenix,2021-02-24
357,Elizabeth Wilson,60,Male,Seattle,2024-05-12
358,Harper Anderson,62,Female,Denver,2024-01-11
359,Avery Gonzalez,58,Female,Nashville,2023-10-15
360,Emily Johnson,67,Male,San Antonio,2020-04-25
361,Abigail Smith,25,Male,San Diego,2019-08-01
362,Charles Thomas,66,Female,Denver,2021-06-06
363,Harper Williams,28,Female,Dallas,2021-06-21
364,Avery Rodriguez,45,Female,Memphis,2022-07-30
365,Michael Martinez,44,Male,San Jose,2019-06-14
366,Elizabeth Thomas,36,Male,Columbus,2024-12-30
367,Mark Johnson,71,Female,Columbus,2022-10-26
368,Matthew Hernandez,49,Male,Denver,2021-09-12
369,Daniel Johnson,71,Male,Philadelphia,2022-10-09
370,Charlotte Gonzalez,65,Female,Chicago,2024-04-07
371,Michael Wilson,63,Male,Indianapolis,2021-09-19
372,Abigail Martinez,50,Female,Fort Worth,2019-05-04
373,Sophia Gonzalez,55,Male,Detroit,2024-11-01
374,James Thomas,38,Female,Nashville,2024-03-21
375,Isabella Martinez,34,Male,Phoenix,2023-10-05
376,Amelia Jackson,38,Male,Fort Worth,2024-12-30
377,Elizabeth Smith,65,Male,Boston,2020-02-17
378,Matthew Rodriguez,39,Male,Detroit,2020-03-22
379,David Jackson,73,Female,Indianapolis,2021-06-14
380,Richard Martinez,64,Male,Houston,2020-12-20
381,Thomas Martinez,71,Female,Phoenix,2022-07-28
382,Robert Moore,36,Male,Austin,2019-11-02
383,Sarah Thomas,57,Male,San Antonio,2021-09-06
384,Robert Taylor,31,Male,Dallas,2024-10-08
385,Robert Anderson,41,Female,Jacksonville,2021-02-11
386,Michael Williams,73,Male,Boston,2019-07-19
387,Daniel Jones,65,Female,Austin,2024-01-01
388,Daniel Johnson,68,Male,Charlotte,2024-03-10
389,Charles Thomas,65,Female,Chicago,2024-07-28
390,Sofia Garcia,29,Male,Indianapolis,2019-08-19
391,James Martin,38,Female,Charlotte,2024-02-13
392,Donald Anderson,67,Female,San Jose,2024-10-12
393,Mia Lopez,30,Male,Jacksonville,2021-10-19
394,Charles Wilson,58,Female,Columbus,2023-07-24
395,Sarah Brown,31,Female,Nashville,2018-12-07
396,Avery Lopez,31,Male,Fort Worth,2021-11-03
397,Richard Smith,36,Male,Chicago,2022-11-30
398,Abigail Davis,47,Female,San Jose,2020-01-29
399,Isabella Anderson,69,Male,Indianapolis,2022-08-25
400,Emily Smith,73,Female,Chicago,2021-03-10
401,Amelia Wilson,36,Female,Fort Worth,2023-08-03
402,James Lopez,62,Female,Austin,2024-09-11
403,Donald Anderson,50,Male,Phoenix,2022-06-30
404,Olivia Smith,60,Male,Boston,2024-02-09
405,Thomas Brown,31,Male,Columbus,2021-11-15
406,Daniel Lopez,26,Female,Boston,2021-05-07
407,Sarah Thomas,27,Female,Seattle,2018-05-14
408,Matthew Wilson,73,Male,Charlotte,2024-02-02
409,Sarah Rodriguez,65,Female,Houston,2020-11-26
410,Mia Gonzalez,49,Male,Phoenix,2023-10-21
411,Amelia Jackson,35,Female,Columbus,2020-07-28
412,Emma Gonzalez,68,Male,Memphis,2023-03-10
413,Michael Wilson,55,Female,Memphis,2020-11-10
414,Charles Lopez,36,Male,Memphis,2020-07-17
415,Emma Williams,43,Female,Houston,2021-04-26
416,Mia Jackson,51,Male,Indianapolis,2024-12-13
417,Mark Moore,64,Female,Boston,2022-04-01
418,Sarah Rodriguez,36,Female,Boston,2022-05-13
419,Matthew Smith,72,Female,Phoenix,2021-01-06
420,John Martin,58,Female,Memphis,2024-02-19
421,Emma Lopez,36,Male,Columbus,2018-02-13
422,Evelyn Johnson,28,Male,Houston,2018-11-19
423,Donald Williams,63,Female,Chicago,2024-12-06
424,Olivia Davis,45,Male,Houston,2020-09-29
425,Elizabeth Jackson,68,Female,Charlotte,2020-01-23
426,Mia Smith,57,Male,Dallas,2020-09-30
427,Olivia Williams,51,Male,Jacksonville,2024-12-19
428,Donald Martin,51,Male,Houston,2022-01-25
429,James Jones,69,Male,Indianapolis,2022-02-28
430,Matthew Martin,55,Male,Jacksonville,2021-03-01
431,Mark Davis,59,Male,Nashville,2022-02-14
432,Richard Lopez,42,Female,Indianapolis,2023-11-26
433,Avery Miller,49,Male,Seattle,2023-12-10
434,William Hernandez,32,Male,Nashville,2024-05-13
435,Sophia Williams,42,Male,Boston,2022-07-01
436,William Moore,53,Male,Detroit,2023-09-27
437,Harper Martinez,38,Male,Memphis,2021-09-12
438,Sofia Johnson,52,Female,Fort Worth,2024-01-16
439,Robert Lopez,71,Female,San Antonio,2024-07-05
440,Daniel Taylor,74,Female,Detroit,2023-07-09
441,Matthew Martinez,55,Female,Jacksonville,2019-02-02
442,Abigail Garcia,66,Female,Denver,2023-03-07
443,Olivia Davis,40,Female,Nashville,2022-04-13
444,Evelyn Jones,60,Male,Indianapolis,2024-02-19
445,James Johnson,67,Female,San Jose,2023-11-23
446,Abigail Williams,47,Male,Jacksonville,2024-07-03
447,Robert Moore,50,Female,Dallas,2023-10-27
448,Charles Jones,74,Male,San Diego,2021-04-17
449,Robert Brown,65,Female,San Antonio,2024-01-14
450,William Smith,26,Male,Chicago,2023-09-11
451,Isabella Miller,29,Male,Philadelphia,2021-11-06
452,Sophia Miller,55,Male,Columbus,2023-04-03
453,Elizabeth Brown,38,Female,Charlotte,2022-02-24
454,Harper Gonzalez,65,Female,Dallas,2023-08-27
455,Mia Smith,72,Male,Fort Worth,2024-08-16
456,Avery Lopez,26,Female,Philadelphia,2020-01-30
457,Charles Moore,55,Female,Charlotte,2023-01-05
458,Thomas Brown,57,Female,Denver,2022-01-21
459,Robert Davis,60,Male,Memphis,2021-12-23
460,Donald Moore,65,Male,Philadelphia,2022-06-26
461,William Brown,51,Female,Indianapolis,2021-06-04
462,Abigail Rodriguez,70,Female,San Jose,2019-06-20
463,Charlotte Miller,58,Male,Boston,2018-04-17
464,Amelia Taylor,47,Female,Boston,2023-05-14
465,Olivia Miller,56,Female,Fort Worth,2021-10-31
466,Harper Anderson,38,Female,Phoenix,2019-03-03
467,Charles Gonzalez,25,Female,Charlotte,2018-04-27
468,Mia Jones,51,Female,Fort Worth,2023-12-16
469,Evelyn Lopez,73,Male,Seattle,2019-06-18
470,Robert Davis,64,Male,Columbus,2021-08-31
471,Mark Hernandez,70,Male,San Jose,2020-09-22
472,Amelia Jackson,46,Female,Indianapolis,2018-04-12
473,Anthony Brown,56,Male,Jacksonville,2023-08-29
474,Olivia Jones,62,Female,Austin,2018-06-23
475,Evelyn Williams,69,Male,Philadelphia,2023-03-06
476,Michael Moore,32,Male,Boston,2021-08-01
477,Richard Rodriguez,48,Male,Seattle,2023-08-05
478,William Martinez,35,Male,Dallas,2023-08-17
479,Michael Lopez,64,Female,San Diego,2024-03-14
480,Sofia Miller,34,Male,San Diego,2018-12-22
481,Mia Rodriguez,57,Female,Seattle,2023-07-06
482,Emma Gonzalez,38,Male,Chicago,2021-01-06
483,Richard Gonzalez,55,Female,Chicago,2018-08-20
484,Mark Thomas,65,Male,Indianapolis,2019-03-06
485,Robert Johnson,38,Male,Fort Worth,2020-07-10
486,Evelyn Lopez,67,Male,Denver,2020-06-26
487,Sarah Johnson,64,Female,Boston,2020-10-24
488,Charles Thomas,45,Male,Seattle,2023-12-30
489,David Lopez,42,Female,Detroit,2022-11-05
490,Charles Jones,63,Male,Detroit,2018-03-13
491,David Williams,36,Female,Dallas,2019-10-05
492,Harper Smith,47,Male,Boston,2022-09-10
493,Elizabeth Rodriguez,28,Female,Austin,2018-11-09
494,Olivia Anderson,55,Male,Boston,2022-05-03
495,Emily Moore,49,Male,Dallas,2019-06-16
496,Anthony Anderson,65,Male,San Antonio,2020-06-21
497,Emily Lopez,70,Female,San Diego,2019-08-28
498,Donald Martin,63,Female,Indianapolis,2021-10-18
499,Matthew Williams,74,Male,Dallas,2023-11-17
500,Emily Hernandez,44,Female,San Diego,2018-08-21
501,Mark Jackson,47,Male,Nashville,2021-12-01
502,Abigail Davis,47,Female,Jacksonville,2021-07-18
503,Sofia Hernandez,37,Female,Fort Worth,2021-10-13
504,Richard Anderson,57,Male,Chicago,2021-10-09
505,Daniel Anderson,46,Female,Memphis,2018-08-01
506,Daniel Thomas,52,Male,Denver,2019-12-14
507,Michael Miller,31,Female,San Jose,2021-08-17
508,Evelyn Taylor,58,Male,Chicago,2024-03-11
509,Matthew Garcia,47,Male,San Diego,2024-02-07
510,Charles Williams,73,Female,San Jose,2019-01-28
511,Emma Rodriguez,65,Female,Nashville,2023-02-21
512,Sofia Rodriguez,65,Female,Indianapolis,2022-12-23
513,David Moore,63,Male,Houston,2019-12-10
514,Sofia Williams,68,Male,Memphis,2024-07-18
515,Richard Johnson,51,Male,Fort Worth,2021-08-14
516,Emma Martinez,39,Female,Columbus,2023-08-29
517,David Thomas,26,Female,Dallas,2019-09-19
518,Elizabeth Hernandez,51,Female,San Antonio,2020-02-06
519,Olivia Taylor,28,Female,San Antonio,2018-04-12
520,Sophia Moore,57,Male,Philadelphia,2022-10-01
521,Matthew Anderson,42,Female,Phoenix,2019-08-25
522,Emma Hernandez,71,Male,Phoenix,2018-01-29
523,Richard Hernandez,72,Male,Memphis,2020-02-27
524,Anthony Taylor,70,Female,Boston,2021-08-11
525,Anthony Lopez,45,Female,Columbus,2020-11-05
526,Richard Garcia,58,Female,Houston,2021-07-19
527,William Johnson,74,Male,San Diego,2023-05-15
528,Abigail Taylor,39,Female,San Diego,2022-05-20
529,John Jackson,73,Male,San Antonio,2018-02-22
530,Abigail Johnson,56,Female,Memphis,2020-10-06
531,Charlotte Brown,58,Male,Indianapolis,2018-11-17
532,Robert Brown,58,Male,Phoenix,2018-09-04
533,William Rodriguez,66,Female,San Jose,2018-02-26
534,Donald Jones,33,Female,Columbus,2021-03-30
535,James Smith,70,Male,Philadelphia,2020-12-17
536,Matthew Lopez,52,Female,Charlotte,2020-04-26
537,Emily Garcia,38,Female,Austin,2024-08-19
538,Thomas Moore,42,Male,Seattle,2019-10-20
539,Abigail Martin,27,Female,Nashville,2023-03-24
540,John Garcia,30,Female,Columbus,2023-08-30
541,Elizabeth Rodriguez,64,Male,Nashville,2022-12-22
542,Robert Miller,55,Male,Jacksonville,2020-05-22
543,Emma Jackson,54,Male,Nashville,2023-03-02
544,Robert Martin,69,Female,Boston,2022-02-05
545,Charles Smith,38,Male,Houston,2024-03-13
546,Joseph Brown,70,Female,Denver,2024-02-05
547,Elizabeth Smith,72,Male,Chicago,2021-03-07
548,Thomas Wilson,59,Female,Denver,2019-06-14
549,Thomas Taylor,64,Male,Philadelphia,2021-04-15
550,Isabella Taylor,47,Female,Philadelphia,2020-05-31
551,Abigail Anderson,45,Female,Denver,2020-07-05
552,Sophia Taylor,50,Male,San Diego,2019-12-20
553,Harper Jackson,51,Male,Detroit,2024-03-19
554,Charlotte Jackson,35,Female,San Antonio,2021-07-25
555,Mia Hernandez,68,Female,Seattle,2024-09-08
556,Charles Smith,38,Male,Austin,2018-12-02
557,Donald Johnson,67,Male,Dallas,2023-07-30
558,Donald Jackson,54,Male,Denver,2022-02-17
559,Mark Lopez,30,Female,Austin,2020-12-08
560,Robert Gonzalez,67,Female,Philadelphia,2018-10-14
561,Daniel Williams,56,Male,Boston,2023-09-01
562,David Moore,43,Female,Chicago,2022-10-27
563,Sarah Martin,44,Female,Houston,2020-08-23
564,Thomas Lopez,33,Female,Jacksonville,2020-05-13
565,Anthony Thomas,72,Male,Seattle,2022-03-12
566,Sarah Anderson,25,Male,Fort Worth,2023-08-28
567,Daniel Thomas,73,Female,Denver,2018-11-20
568,Daniel Brown,60,Female,Columbus,2018-02-28
569,Isabella Thomas,60,Male,Nashville,2020-04-14
570,William Rodriguez,46,Female,Columbus,2023-07-13
571,Emily Garcia,59,Male,Seattle,2020-04-11
572,Sophia Martinez,66,Male,Nashville,2021-06-16
573,Daniel Miller,42,Male,Phoenix,2022-08-22
574,Daniel Garcia,48,Female,Boston,2019-07-20
575,Sophia Garcia,41,Female,Indianapolis,2022-05-24
576,Donald Anderson,33,Male,Boston,2024-08-12
577,Emily Taylor,56,Female,San Jose,2021-03-15
578,Abigail Miller,29,Female,San Diego,2020-09-03
579,John Hernandez,73,Male,San Antonio,2019-03-18
580,Charlotte Jackson,35,Female,Detroit,2024-01-25
581,Sarah Williams,62,Male,Houston,2024-01-30
582,Sarah Martin,35,Male,Memphis,2024-07-10
583,Abigail Lopez,57,Female,Denver,2024-02-26
584,David Gonzalez,38,Male,Denver,2023-05-16
585,Thomas Moore,25,Female,Houston,2020-08-27
586,Matthew Wilson,69,Female,San Antonio,2022-11-14
587,David Jackson,46,Male,Charlotte,2023-03-01
588,Anthony Thomas,53,Female,Austin,2024-12-27
589,Richard Brown,41,Female,Detroit,2020-01-14
590,Elizabeth Miller,65,Female,Columbus,2020-11-07
591,Olivia Gonzalez,28,Male,Boston,2019-01-17
592,Mark Jones,50,Female,Denver,2021-02-26
593,Avery Anderson,46,Male,Fort Worth,2024-11-02
594,David Hernandez,65,Male,Fort Worth,2019-01-04
595,Olivia Martinez,37,Female,San Diego,2023-06-06
596,Amelia Lopez,56,Male,Jacksonville,2019-10-08
597,Abigail Thomas,32,Female,Columbus,2020-09-22
598,Anthony Anderson,69,Male,Detroit,2021-05-22
599,Abigail Miller,64,Female,Chicago,2024-10-17
600,Avery Wilson,64,Female,Houston,2018-12-01
601,Abigail Thomas,61,Female,Columbus,2020-09-04
602,William Wilson,39,Female,Detroit,2020-08-10
603,Olivia Anderson,68,Male,Seattle,2022-12-24
604,Mia Garcia,28,Male,Indianapolis,2018-08-14
605,James Johnson,57,Female,Philadelphia,2021-07-20
606,Avery Williams,61,Female,Columbus,2019-06-12
607,Harper Jones,38,Female,Jacksonville,2021-09-23
608,Harper Lopez,31,Male,Austin,2024-07-06
609,Thomas Moore,66,Male,Nashville,2021-09-09
610,Isabella Rodriguez,65,Female,Nashville,2020-06-21
611,David Taylor,52,Male,Seattle,2020-01-12
612,Michael Thomas,57,Male,Houston,2021-08-22
613,Anthony Johnson,61,Male,Denver,2019-12-30
614,Charlotte Brown,50,Female,Jacksonville,2024-02-23
615,Charlotte Thomas,61,Female,Dallas,2021-06-12
616,Richard Anderson,33,Female,Denver,2024-06-25
617,Sarah Thomas,41,Male,Charlotte,2020-03-27
618,Daniel Martinez,55,Female,Indianapolis,2019-11-18
619,Emma Garcia,74,Male,Detroit,2021-03-23
620,Olivia Miller,34,Male,Indianapolis,2023-11-02
621,Donald Thomas,44,Female,Indianapolis,2018-08-18
622,Avery Moore,32,Female,Fort Worth,2024-02-18
623,Elizabeth Taylor,49,Female,San Jose,2023-01-12
624,Robert Moore,50,Male,Charlotte,2019-11-25
625,Sophia Williams,33,Female,Denver,2018-02-21
626,William Johnson,73,Female,Austin,2021-08-23
627,Evelyn Rodriguez,31,Male,Detroit,2019-12-10
628,Charlotte Brown,54,Male,Austin,2023-06-06
629,Sophia Lopez,38,Female,Columbus,2024-10-07
630,Sarah Moore,40,Male,Denver,2018-03-10
631,Isabella Lopez,68,Female,San Jose,2018-05-25
632,Anthony Johnson,67,Male,Denver,2018-10-27
633,James Jackson,55,Male,Charlotte,2020-08-06
634,Harper Thomas,63,Male,Houston,2022-12-05
635,Charles Brown,58,Male,Houston,2022-08-03
636,Evelyn Jackson,39,Male,Memphis,2021-02-11
637,Avery Johnson,41,Male,Dallas,2021-09-19
638,Olivia Lopez,47,Male,Phoenix,2021-02-26
639,Evelyn Jones,42,Male,Seattle,2020-05-01
640,Joseph Davis,45,Female,Phoenix,2022-01-28
641,Emma Jackson,61,Male,Detroit,2020-08-21
642,Mia Gonzalez,35,Female,Memphis,2023-07-18
643,Anthony Johnson,47,Male,San Diego,2018-09-27
644,David Brown,45,Male,Dallas,2018-06-11
645,John Moore,60,Female,San Diego,2022-12-30
646,Charlotte Wilson,27,Female,Houston,2023-07-01
647,Thomas Taylor,72,Female,Indianapolis,2024-06-05
648,Abigail Hernandez,48,Female,Columbus,2020-09-04
649,James Anderson,56,Male,Detroit,2020-01-20
650,Daniel Martinez,41,Female,Charlotte,2024-07-08
651,Sophia Jones,38,Female,Boston,2020-01-24
652,Michael Thomas,66,Female,Detroit,2019-08-05
653,Harper Williams,57,Male,Indianapolis,2021-02-24
654,Emily Martin,28,Female,Phoenix,2024-06-14
655,Anthony Smith,33,Female,Detroit,2018-09-17
656,John Thomas,34,Male,Austin,2022-02-21
657,Daniel Martin,73,Male,Indianapolis,2019-07-01
658,Olivia Johnson,43,Male,San Diego,2018-11-08
659,Matthew Smith,40,Female,Detroit,2021-12-19
660,Matthew Williams,69,Female,Nashville,2023-02-06
661,Anthony Rodriguez,74,Male,Boston,2021-05-09
662,Sarah Jackson,30,Female,Boston,2023-03-25
663,Joseph Wilson,28,Male,Chicago,2021-12-31
664,Mia Jones,57,Male,Philadelphia,2019-12-26
665,Isabella Smith,29,Male,Phoenix,2023-05-05
666,Amelia Davis,52,Male,Columbus,2022-12-01
667,Avery Thomas,74,Female,Charlotte,2023-10-20
668,William Miller,61,Female,Fort Worth,2021-05-19
669,John Martinez,61,Male,Jacksonville,2022-09-20
670,Evelyn Taylor,46,Female,Boston,2022-03-27
671,Michael Jackson,43,Male,Denver,2019-10-15
672,Charles Smith,58,Female,Columbus,2024-08-13
673,Isabella Martinez,40,Female,Houston,2023-01-04
674,Robert Moore,47,Female,Austin,2022-11-26
675,Charles Martinez,57,Male,Denver,2020-05-22
676,Evelyn Smith,58,Female,Detroit,2019-03-07
677,Emily Brown,63,Female,Charlotte,2018-09-14
678,Anthony Taylor,39,Female,Memphis,2018-06-26
679,Thomas Garcia,40,Male,Memphis,2019-11-25
680,Charlotte Rodriguez,53,Female,Jacksonville,2020-11-18
681,Anthony Anderson,50,Female,Phoenix,2022-12-01
682,Joseph Brown,48,Male,Fort Worth,2024-09-06
683,Sofia Garcia,61,Male,Nashville,2022-12-23
684,Donald Brown,31,Male,Detroit,2024-11-24
685,James Smith,35,Female,San Antonio,2024-06-28
686,Amelia Gonzalez,33,Male,Seattle,2023-02-15
687,Thomas Martin,31,Female,San Jose,2019-07-25
688,Anthony Lopez,63,Male,San Diego,2018-01-06
689,Amelia Jackson,34,Female,Phoenix,2019-12-22
690,Charlotte Moore,66,Male,Indianapolis,2024-07-15
691,Anthony Lopez,31,Female,San Jose,2019-06-29
692,Sofia Jackson,62,Female,San Antonio,2021-06-29
693,Elizabeth Jones,57,Female,San Jose,2019-11-11
694,Daniel Jackson,25,Female,Indianapolis,2018-11-06
695,Sophia Thomas,57,Male,Memphis,2023-01-20
696,Elizabeth Davis,34,Female,Denver,2024-08-30
697,Mark Martinez,32,Male,Houston,2019-02-16
698,Sophia Garcia,53,Male,San Diego,2023-03-06
699,Charles Taylor,70,Male,Columbus,2021-04-21
700,Emma Jackson,64,Male,Philadelphia,2020-04-06
701,Charles Gonzalez,54,Male,San Diego,2019-08-09
702,Joseph Martin,30,Male,Charlotte,2018-08-22
703,Joseph Lopez,41,Male,San Antonio,2023-12-20
704,William Johnson,44,Male,Philadelphia,2024-09-22
705,Harper Taylor,33,Male,Nashville,2023-11-06
706,Mark Williams,30,Female,Columbus,2021-09-08
707,Emma Johnson,73,Female,Chicago,2024-07-25
708,Isabella Miller,47,Female,San Jose,2019-12-03
709,John Taylor,60,Male,San Jose,2020-01-16
710,Sarah Taylor,50,Male,Philadelphia,2023-08-07
711,Mark Williams,51,Male,Boston,2022-07-27
712,Mark Anderson,47,Male,Charlotte,2023-07-25
713,Charlotte Johnson,45,Female,Chicago,2019-04-14
714,Daniel Smith,57,Female,Memphis,2020-08-20
715,John Miller,43,Male,Houston,2022-08-08
716,Charles Taylor,59,Female,Austin,2020-05-23
717,Charlotte Thomas,47,Female,Jacksonville,2021-09-22
718,David Moore,45,Male,Jacksonville,2018-05-31
719,Sarah Martin,35,Female,Seattle,2022-05-21
720,Harper Smith,40,Male,Chicago,2018-02-09
721,Donald Garcia,64,Male,Phoenix,2022-09-28
722,Avery Gonzalez,25,Male,Boston,2021-10-06
723,Donald Taylor,70,Female,San Antonio,2022-05-23
724,Amelia Gonzalez,59,Male,Denver,2024-04-06
725,Daniel Martinez,73,Female,Detroit,2022-12-23
726,Avery Jackson,55,Male,Seattle,2018-12-25
727,Robert Anderson,45,Male,Boston,2022-01-13
728,Charlotte Jackson,74,Male,Dallas,2022-09-09
729,Daniel Anderson,69,Male,Indianapolis,2023-12-23
730,Anthony Taylor,54,Female,Fort Worth,2022-10-10
731,Joseph Martin,28,Female,San Jose,2022-11-25
732,Richard Garcia,32,Male,Nashville,2023-10-02
733,Evelyn Martinez,48,Male,San Diego,2020-04-23
734,Harper Brown,64,Male,Philadelphia,2020-03-22
735,Daniel Anderson,67,Male,Austin,2024-10-26
736,James Miller,50,Male,Dallas,2021-02-22
737,Sophia Jones,49,Female,Fort Worth,2021-12-11
738,Harper Smith,46,Female,Nashville,2023-05-20
739,Emily Lopez,58,Male,Charlotte,2023-08-18
740,Thomas Moore,40,Female,San Antonio,2021-05-29
741,James Johnson,70,Male,Houston,2020-11-12
742,Sophia Williams,73,Female,Dallas,2019-07-22
743,Harper Miller,49,Male,San Antonio,2020-05-27
744,Thomas Anderson,34,Female,Seattle,2020-09-08
745,Amelia Anderson,67,Male,Nashville,2020-12-23
746,Sarah Miller,39,Female,Detroit,2023-07-04
747,Michael Davis,36,Male,Boston,2022-03-14
748,Thomas Jackson,60,Female,Nashville,2019-06-24
749,William Jackson,51,Female,Boston,2023-10-18
750,Richard Rodriguez,74,Female,Philadelphia,2021-12-31
751,William Thomas,61,Male,Seattle,2024-12-01
752,Richard Jones,61,Female,Fort Worth,2024-09-07
753,Anthony Hernandez,67,Male,Phoenix,2022-02-23
754,Daniel Johnson,74,Female,Jacksonville,2020-01-04
755,Sofia Taylor,60,Female,San Jose,2022-04-30
756,Thomas Taylor,65,Male,San Antonio,2018-04-04
757,Sarah Smith,64,Female,Seattle,2023-05-31
758,Sofia Jackson,72,Female,Phoenix,2022-09-03
759,Matthew Rodriguez,28,Male,Fort Worth,2022-01-11
760,Amelia Anderson,60,Female,Austin,2020-04-06
761,Charlotte Garcia,64,Male,Nashville,2022-03-03
762,Daniel Moore,73,Female,Chicago,2023-09-30
763,Mia Miller,58,Female,Fort Worth,2021-06-25
764,Mia Smith,39,Male,Fort Worth,2020-06-14
765,Michael Rodriguez,32,Male,Jacksonville,2022-02-11
766,Abigail Rodriguez,60,Male,Phoenix,2024-01-15
767,Robert Gonzalez,32,Female,Phoenix,2019-06-01
768,Thomas Martin,72,Male,Fort Worth,2023-09-28
769,Sarah Davis,48,Female,Columbus,2022-08-22
770,Evelyn Jackson,31,Male,Austin,2021-12-26
771,Daniel Anderson,30,Female,Boston,2024-10-15
772,Evelyn Miller,39,Female,Fort Worth,2022-11-05
773,Sofia Taylor,72,Female,Memphis,2019-05-09
774,John Martin,65,Female,Charlotte,2024-11-23
775,Sofia Jackson,71,Female,Indianapolis,2023-04-22
776,Elizabeth Jackson,40,Male,Detroit,2022-06-07
777,Donald Moore,32,Female,Jacksonville,2023-03-20
778,Sofia Davis,43,Male,Philadelphia,2018-11-10
779,Harper Jones,71,Female,Austin,2020-01-21
780,Isabella Wilson,42,Male,Austin,2019-05-28
781,Richard Taylor,34,Female,Indianapolis,2022-07-21
782,Emily Davis,67,Female,Detroit,2024-02-05
783,Sarah Martinez,37,Female,Seattle,2021-08-20
784,Daniel Anderson,67,Female,Philadelphia,2022-10-25
785,Emily Hernandez,55,Male,Indianapolis,2021-03-03
786,David Moore,60,Male,Chicago,2023-06-21
787,Abigail Martinez,32,Male,San Antonio,2019-02-15
788,Charlotte Thomas,28,Female,Detroit,2019-12-07
789,Evelyn Martinez,28,Male,Houston,2023-12-05
790,William Williams,56,Female,San Antonio,2018-09-26
791,John Anderson,52,Male,Detroit,2020-05-09
792,David Anderson,70,Male,Nashville,2024-12-07
793,Avery Smith,50,Female,San Jose,2020-03-13
794,Emily Davis,68,Male,Jacksonville,2020-09-14
795,William Taylor,37,Male,Nashville,2024-05-29
796,Donald Miller,25,Female,Jacksonville,2022-11-18
797,Michael Brown,48,Female,San Jose,2023-12-23
798,William Moore,36,Female,Phoenix,2022-11-20
799,Sophia Jackson,45,Female,Indianapolis,2023-11-21
800,Avery Johnson,28,Female,Detroit,2018-07-21